date,total_precip,avg_temp,max_temp,min_temp,avg_humidity,avg_wind_speed,sunshine,solar_rad,avg_cloud
2024-06-01,0.0,20.9,26.3,17.4,75.0,2.6,7.0,22.22,9.3
2024-06-02,45.5,18.7,24.6,16.2,88.0,2.3,2.9,13.72,9.5
2024-06-03,25.5,18.3,24.3,15.0,88.0,2.2,2.4,13.01,9.0
2024-06-04,,19.5,25.5,14.8,75.0,2.5,7.8,22.0,5.0
2024-06-05,,21.4,27.4,16.4,64.0,2.7,11.9,28.99,3.0
2024-06-06,,22.0,27.0,18.1,72.0,3.0,3.8,15.79,8.0
2024-06-07,,22.1,26.7,18.1,67.0,2.7,5.1,19.64,6.0
2024-06-08,,22.8,28.2,17.4,66.0,2.7,11.8,29.16,5.0
2024-06-09,0.5,22.4,25.7,19.9,76.0,3.6,0.2,12.88,10.0
2024-06-10,17.0,20.7,24.7,17.4,85.0,2.4,0.7,11.06,10.0
2024-06-11,,24.0,29.0,19.5,73.0,3.2,12.8,27.88,9.0
2024-06-12,0.0,24.6,30.1,20.0,74.0,3.1,10.4,25.39,4.8
2024-06-13,,22.6,25.4,20.0,81.0,2.0,1.6,7.6,8.5
2024-06-14,,25.9,31.7,19.5,67.0,2.7,12.7,28.7,0.0
2024-06-15,0.5,24.8,29.9,20.9,75.0,2.8,8.0,25.18,7.5
2024-06-16,5.5,23.7,28.7,19.7,86.0,2.5,6.8,21.6,6.8
2024-06-17,0.0,26.0,30.5,22.5,75.0,2.1,4.6,14.89,10.0
2024-06-18,98.0,19.2,22.5,18.0,100.0,2.0,0.0,1.62,10.0
2024-06-19,,23.5,29.5,17.2,72.0,2.7,13.3,29.75,2.8
2024-06-20,,24.4,28.4,20.8,75.0,3.2,6.2,19.52,8.5
2024-06-21,44.0,20.1,23.3,17.3,94.0,2.8,0.0,2.74,8.5
2024-06-22,0.0,23.9,30.0,16.8,67.0,3.3,8.5,22.82,7.5
2024-06-23,29.5,21.6,24.2,20.0,95.0,2.3,0.1,5.08,10.0
2024-06-24,,26.7,33.4,21.0,81.0,2.1,6.5,23.07,8.3
2024-06-25,0.0,27.8,31.8,24.5,76.0,2.0,1.3,15.79,8.5
2024-06-26,0.0,26.9,31.4,24.6,73.0,2.6,2.4,14.45,10.0
2024-06-27,0.0,25.4,29.8,23.0,70.0,3.2,5.1,18.91,9.8
2024-06-28,82.5,22.0,23.8,20.0,98.0,1.9,0.0,3.6,10.0
2024-06-29,0.0,23.7,29.0,20.7,87.0,2.0,3.8,14.62,7.0
2024-06-30,1.5,25.9,29.0,22.8,84.0,3.8,0.4,10.64,10.0
2024-07-01,12.5,26.3,29.4,24.6,89.0,4.8,0.1,7.81,9.8
2024-07-02,0.0,27.3,31.4,24.1,80.0,2.3,2.2,14.64,10.0
2024-07-03,0.0,27.7,33.3,23.6,77.0,2.6,7.2,22.13,9.0
2024-07-04,,29.3,35.0,25.0,75.0,2.7,9.1,22.89,5.0
2024-07-05,,30.2,35.5,26.2,70.0,2.7,13.2,27.73,1.3
2024-07-06,36.0,28.1,34.2,23.9,84.0,2.1,7.5,19.5,10.0
2024-07-07,,28.9,34.4,24.2,84.0,2.1,9.9,25.49,9.0
2024-07-08,,30.9,36.0,26.1,73.0,2.3,11.3,25.63,8.3
2024-07-09,0.0,30.1,34.5,26.2,72.0,2.8,6.4,17.22,8.8
2024-07-10,0.0,29.5,33.7,26.6,70.0,3.7,4.3,15.88,8.5
2024-07-11,0.5,27.8,29.6,26.1,77.0,4.0,0.0,7.99,10.0
2024-07-12,13.5,24.4,26.9,22.4,93.0,1.8,0.0,5.25,10.0
2024-07-13,0.0,26.2,31.3,22.5,82.0,2.7,7.0,21.22,10.0
2024-07-14,12.5,25.4,28.8,23.7,95.0,1.8,0.4,6.99,10.0
2024-07-15,0.5,24.6,27.7,23.2,87.0,2.4,0.4,7.37,10.0
2024-07-16,11.5,23.9,27.3,22.2,90.0,1.8,0.1,7.03,10.0
2024-07-17,1.0,25.8,31.3,22.1,87.0,1.7,2.9,16.18,9.8
2024-07-18,0.0,28.4,33.4,24.4,77.0,2.3,7.4,23.01,10.0
2024-07-19,,30.0,34.5,26.0,72.0,3.0,5.2,20.12,9.3
2024-07-20,45.0,30.7,35.8,25.0,76.0,2.6,10.2,23.58,7.5
2024-07-21,20.0,29.1,34.6,24.6,79.0,2.7,11.0,25.4,6.8
2024-07-22,9.5,30.5,36.6,24.8,75.0,2.6,10.4,24.57,4.8
2024-07-23,,29.5,34.5,24.2,82.0,2.9,13.0,27.04,1.8
2024-07-24,0.0,30.1,36.0,24.9,69.0,2.2,8.5,18.43,7.0
2024-07-25,0.5,30.2,34.8,27.0,72.0,2.4,7.1,20.44,9.3
2024-07-26,0.0,30.1,35.6,26.1,73.0,2.4,6.9,22.95,9.0
2024-07-27,0.5,30.3,35.6,26.7,76.0,1.9,7.1,21.32,9.8
2024-07-28,,31.6,36.8,26.5,67.0,2.1,10.5,22.32,7.5
2024-07-29,,32.3,37.3,29.3,61.0,3.1,10.7,25.36,7.3
2024-07-30,0.5,30.8,36.1,27.8,68.0,2.3,4.0,11.32,7.5
2024-07-31,42.5,29.4,35.6,24.6,77.0,2.7,5.6,18.18,9.8
2024-08-01,,28.5,33.5,24.5,74.0,2.4,9.3,22.26,7.3
2024-08-02,,28.7,33.9,25.4,74.0,2.6,6.0,17.56,4.3
2024-08-03,,29.4,34.6,26.0,73.0,2.6,8.9,23.2,4.3
2024-08-04,,30.0,35.3,25.4,67.0,2.5,10.0,24.97,0.8
2024-08-05,,30.0,35.0,26.1,72.0,2.6,7.8,21.54,5.5
2024-08-06,,29.9,33.5,26.6,74.0,2.3,1.8,13.78,9.0
2024-08-07,76.5,28.9,34.6,23.9,80.0,2.6,4.6,15.75,9.3
2024-08-08,0.0,28.1,33.9,24.4,87.0,2.2,4.0,13.84,6.8
2024-08-09,,30.0,35.3,26.6,74.0,2.7,8.6,21.74,5.0
2024-08-10,,30.0,34.9,26.8,69.0,2.7,8.6,23.18,7.0
2024-08-11,,31.5,35.9,27.4,66.0,2.8,10.7,24.52,7.5
2024-08-12,,31.2,35.5,28.3,70.0,3.9,11.6,24.42,4.5
2024-08-13,,30.8,34.9,27.7,73.0,3.6,10.4,21.97,2.5
2024-08-14,0.0,30.4,34.7,27.4,74.0,2.7,4.9,16.32,6.0
2024-08-15,0.0,30.3,35.7,26.8,75.0,2.7,6.7,19.2,6.5
2024-08-16,90.0,26.7,29.1,25.2,95.0,4.2,0.0,4.21,10.0
2024-08-17,0.0,30.4,35.9,25.4,74.0,2.7,8.5,19.05,4.5
2024-08-18,0.0,29.7,34.0,26.9,82.0,2.5,4.9,14.69,8.8
2024-08-19,22.0,29.2,34.5,23.3,83.0,2.4,7.0,18.1,7.3
2024-08-20,0.5,28.3,34.7,23.5,81.0,2.4,8.2,19.91,9.3
2024-08-21,21.0,28.3,33.6,24.6,83.0,2.8,5.2,15.96,9.5
2024-08-22,16.0,27.5,30.5,25.1,91.0,3.1,2.1,10.7,10.0
2024-08-23,0.0,28.9,32.3,27.0,83.0,4.0,5.2,15.72,9.5
2024-08-24,1.0,29.4,34.4,25.4,80.0,3.2,7.9,20.21,6.8
2024-08-25,1.5,28.6,33.5,25.3,83.0,3.5,7.4,20.15,5.8
2024-08-26,,29.2,33.6,25.9,76.0,4.4,10.0,22.3,6.3
2024-08-27,30.0,27.7,31.5,24.5,85.0,4.7,4.0,15.11,9.8
2024-08-28,0.0,28.0,31.4,26.2,82.0,3.5,2.4,13.2,8.0
2024-08-29,23.0,27.1,31.4,25.4,89.0,2.7,1.5,10.52,8.5
2024-08-30,84.0,26.0,27.6,25.0,99.0,3.2,0.0,2.72,10.0
2024-08-31,15.5,27.1,31.1,24.7,95.0,3.6,1.6,11.15,10.0
2023-06-01,0.0,20.8,26.2,15.3,72.0,3.9,8.1,22.06,8.0
2023-06-02,168.5,21.3,23.8,19.7,99.0,3.9,0.0,3.02,10.0
2023-06-03,92.5,20.0,24.0,17.5,82.0,2.3,4.5,14.38,5.5
2023-06-04,,21.6,27.5,15.3,67.0,3.3,8.1,23.54,6.8
2023-06-05,,23.1,29.8,18.4,64.0,2.5,8.6,23.67,9.5
2023-06-06,3.0,20.7,25.1,17.0,78.0,2.9,0.8,11.89,9.3
2023-06-07,5.5,22.5,29.6,17.0,74.0,2.5,9.0,26.83,9.0
2023-06-08,1.0,23.1,28.7,18.5,73.0,3.2,6.6,20.37,9.0
2023-06-09,24.0,20.2,22.2,18.2,99.0,1.9,0.0,4.45,10.0
2023-06-10,0.0,22.4,26.0,19.7,87.0,2.3,0.6,12.11,10.0
2023-06-11,16.5,21.2,22.8,20.1,97.0,1.5,0.0,4.95,10.0
2023-06-12,12.5,21.3,22.5,20.5,100.0,1.6,0.0,3.13,10.0
2023-06-13,1.0,23.7,29.4,19.9,86.0,2.7,3.6,16.04,8.0
2023-06-14,3.5,23.6,25.8,21.4,87.0,2.4,0.0,8.25,10.0
2023-06-15,6.0,21.7,24.1,20.3,95.0,1.9,0.0,5.17,10.0
2023-06-16,1.5,24.6,30.7,19.7,66.0,3.2,12.0,27.45,4.8
2023-06-17,,25.4,30.9,18.8,59.0,3.0,13.3,28.44,1.0
2023-06-18,,25.7,31.1,21.2,72.0,2.5,10.3,23.16,6.8
2023-06-19,0.0,23.7,27.7,18.8,68.0,3.3,3.9,18.61,9.0
2023-06-20,0.0,22.5,27.0,18.9,68.0,2.8,5.5,21.22,7.5
2023-06-21,0.0,22.6,27.2,18.7,71.0,3.0,5.0,19.18,9.5
2023-06-22,5.0,19.9,22.6,16.7,84.0,2.3,0.0,6.2,10.0
2023-06-23,0.5,21.1,24.9,16.9,85.0,1.4,0.2,9.33,10.0
2023-06-24,,24.7,29.5,21.7,78.0,2.4,5.3,20.73,9.5
2023-06-25,,25.8,30.9,22.0,76.0,2.5,11.0,28.24,5.3
2023-06-26,,25.9,30.4,22.5,77.0,2.9,6.3,20.89,10.0
2023-06-27,0.0,25.9,29.6,23.6,82.0,2.2,0.6,12.73,9.8
2023-06-28,0.0,27.1,32.3,23.5,80.0,2.6,5.9,21.12,9.5
2023-06-29,3.0,27.3,33.8,23.4,78.0,2.2,7.5,21.79,8.8
2023-06-30,3.0,26.3,30.5,23.8,89.0,3.8,0.8,10.78,10.0
2023-07-01,13.5,25.3,27.8,21.5,93.0,3.3,0.4,8.55,10.0
2023-07-02,2.5,26.0,31.7,20.7,79.0,3.1,11.0,27.84,7.0
2023-07-03,,27.3,32.2,23.6,79.0,2.3,7.9,23.14,9.8
2023-07-04,1.0,25.9,30.6,21.3,75.0,3.0,6.6,20.97,6.3
2023-07-05,0.0,25.2,28.7,22.5,80.0,3.6,0.5,10.44,10.0
2023-07-06,13.0,26.4,33.4,22.0,82.0,2.6,5.6,20.99,6.8
2023-07-07,,28.4,34.2,23.8,71.0,3.3,10.6,25.5,8.5
2023-07-08,0.0,27.8,30.9,25.2,77.0,4.3,0.2,9.67,9.3
2023-07-09,0.0,28.6,33.0,25.1,78.0,3.4,2.7,15.6,8.0
2023-07-10,,30.2,36.5,25.7,72.0,3.0,11.4,26.71,2.8
2023-07-11,,29.4,34.3,25.3,74.0,2.9,12.4,26.96,1.0
2023-07-12,0.0,30.8,37.5,25.1,66.0,2.5,11.1,25.91,4.8
2023-07-13,0.0,28.0,30.3,24.2,67.0,2.4,0.1,8.49,9.8
2023-07-14,0.0,27.4,30.5,24.8,76.0,2.1,0.5,10.67,10.0
2023-07-15,0.0,28.8,32.9,26.5,73.0,3.6,1.2,13.77,10.0
2023-07-16,,30.2,35.3,26.7,71.0,3.0,12.1,27.7,5.5
2023-07-17,,31.3,36.2,26.9,64.0,3.0,13.1,27.87,0.0
2023-07-18,,31.8,37.5,27.3,59.0,2.5,11.2,24.99,4.5
2023-07-19,0.0,29.7,33.9,26.4,74.0,3.0,5.0,18.79,6.5
2023-07-20,,28.1,32.6,25.1,71.0,3.1,3.7,16.89,8.8
2023-07-21,0.0,27.2,31.6,24.0,71.0,2.9,5.0,16.73,8.0
2023-07-22,,27.2,33.4,24.1,70.0,2.7,5.8,19.79,8.3
2023-07-23,,27.7,33.4,22.5,66.0,2.6,12.6,27.52,0.8
2023-07-24,,28.5,35.7,23.5,70.0,3.2,13.1,27.86,6.5
2023-07-25,,29.8,36.6,24.2,65.0,2.7,13.2,27.75,2.5
2023-07-26,,31.0,37.7,25.6,59.0,2.7,13.0,26.55,1.8
2023-07-27,,30.6,36.9,26.4,65.0,3.1,11.0,25.18,3.3
2023-07-28,,30.4,36.2,26.7,69.0,3.4,12.4,26.66,3.5
2023-07-29,,30.0,35.7,25.8,67.0,3.7,13.3,27.9,0.5
2023-07-30,,30.3,36.6,25.7,69.0,3.5,13.1,27.44,0.3
2023-07-31,,30.7,36.1,27.5,69.0,4.0,10.6,25.68,6.3
2023-08-01,12.5,26.0,33.2,22.2,88.0,2.5,1.4,8.02,10.0
2023-08-02,,28.9,34.7,24.0,75.0,3.7,11.1,25.99,5.0
2023-08-03,,30.2,35.0,26.3,69.0,4.0,11.4,25.35,2.8
2023-08-04,,31.3,36.7,26.8,65.0,3.0,12.5,26.66,1.8
2023-08-05,,30.4,35.9,27.7,71.0,4.3,11.0,25.58,2.8
2023-08-06,4.0,28.6,34.8,26.3,81.0,4.1,7.0,21.2,6.5
2023-08-07,0.0,29.4,34.9,25.9,76.0,3.7,7.5,21.38,9.0
2023-08-08,1.0,30.1,35.9,26.7,74.0,3.3,6.4,19.59,7.3
2023-08-09,8.0,28.2,31.8,26.5,90.0,3.7,1.8,12.29,9.8
2023-08-10,0.0,29.5,34.4,26.3,73.0,3.6,9.4,24.48,4.8
2023-08-11,0.0,29.5,35.0,26.2,72.0,3.1,8.1,21.29,5.8
2023-08-12,,29.7,35.5,26.2,71.0,2.5,8.2,21.25,5.3
2023-08-13,48.5,27.4,32.9,25.8,94.0,2.2,1.5,10.71,9.8
2023-08-14,22.5,28.6,32.9,26.1,88.0,3.0,5.5,16.57,9.5
2023-08-15,14.5,28.6,32.8,25.7,85.0,4.2,5.1,17.29,9.3
2023-08-16,4.5,28.1,32.2,25.5,86.0,4.6,3.9,15.13,9.8
2023-08-17,,29.9,34.5,26.8,77.0,3.6,8.0,20.64,5.3
2023-08-18,,30.0,34.6,26.7,77.0,3.2,11.0,24.71,2.5
2023-08-19,0.0,30.3,35.7,26.2,76.0,2.4,9.3,23.15,5.5
2023-08-20,,30.3,35.3,27.2,73.0,2.4,9.0,19.61,8.3
2023-08-21,0.0,29.8,34.8,26.3,76.0,2.6,7.0,16.12,4.8
2023-08-22,10.5,28.6,32.1,26.6,87.0,2.4,2.2,9.69,7.8
2023-08-23,2.0,29.4,34.1,26.1,82.0,4.0,7.8,22.24,8.5
2023-08-24,0.0,29.5,34.1,27.2,79.0,3.9,6.4,17.13,6.8
2023-08-25,,29.6,34.4,26.5,74.0,3.8,9.4,18.16,2.0
2023-08-26,3.5,28.1,33.4,25.5,81.0,2.0,3.7,11.73,5.3
2023-08-27,1.0,28.0,32.4,25.5,78.0,2.3,4.5,16.13,6.8
2023-08-28,,29.2,34.6,25.3,74.0,2.8,3.9,14.91,10.0
2023-08-29,,29.4,35.0,26.1,74.0,3.4,9.5,20.75,3.0
2023-08-30,,29.6,34.6,25.7,74.0,3.5,10.3,21.09,7.3
2023-08-31,,29.0,34.1,26.0,74.0,4.3,8.5,20.68,10.0
2022-06-01,0.0,21.8,27.1,17.3,60.0,2.6,8.2,23.33,10.0
2022-06-02,,22.5,28.1,17.6,70.0,3.8,10.2,24.78,2.3
2022-06-03,5.0,20.6,27.2,17.3,83.0,2.5,5.1,16.36,6.8
2022-06-04,,20.3,25.6,15.8,68.0,3.0,10.5,26.14,5.3
2022-06-05,0.0,21.5,26.2,18.2,76.0,2.9,4.2,17.39,10.0
2022-06-06,43.5,16.6,18.4,15.7,97.0,3.2,0.0,3.47,10.0
2022-06-07,3.5,16.8,19.8,15.3,90.0,2.7,0.2,8.28,10.0
2022-06-08,0.0,17.2,20.5,14.7,82.0,2.6,0.8,10.08,10.0
2022-06-09,0.0,19.1,24.7,15.9,83.0,2.4,4.8,15.49,8.3
2022-06-10,0.0,21.2,25.2,18.0,78.0,2.6,1.7,14.66,9.3
2022-06-11,0.5,21.9,25.4,19.4,80.0,2.7,0.2,12.7,10.0
2022-06-12,0.5,21.4,26.6,18.0,72.0,2.7,5.6,18.1,7.0
2022-06-13,,21.2,27.4,17.0,53.0,3.5,9.5,25.84,9.0
2022-06-14,0.5,17.3,18.6,15.4,80.0,3.2,0.0,3.42,10.0
2022-06-15,3.0,16.9,18.7,15.1,95.0,1.7,0.0,5.57,10.0
2022-06-16,,20.3,24.1,17.3,87.0,1.4,0.1,9.08,10.0
2022-06-17,,22.8,28.0,19.1,83.0,1.6,4.0,15.53,8.8
2022-06-18,2.5,22.7,25.9,19.9,90.0,1.7,0.0,8.41,9.8
2022-06-19,,24.0,28.9,19.5,83.0,2.6,12.1,25.28,6.3
2022-06-20,,25.1,30.3,21.4,81.0,2.1,5.1,19.41,9.8
2022-06-21,0.5,25.2,30.1,22.2,80.0,2.4,2.6,15.1,9.0
2022-06-22,4.5,23.8,28.6,21.4,87.0,2.5,0.6,10.58,10.0
2022-06-23,0.0,23.5,26.2,21.6,87.0,2.4,0.1,5.48,10.0
2022-06-24,,27.5,32.6,22.9,75.0,5.6,7.7,22.05,7.3
2022-06-25,,30.0,35.4,25.9,67.0,5.3,12.4,28.48,0.8
2022-06-26,,29.6,36.2,25.7,61.0,4.0,11.4,27.44,2.3
2022-06-27,,29.5,35.7,24.1,65.0,2.5,11.8,26.42,5.5
2022-06-28,,29.2,35.1,24.8,71.0,2.5,13.0,27.83,3.8
2022-06-29,,29.4,35.4,25.3,71.0,2.8,12.5,28.26,8.0
2022-06-30,,30.8,36.4,25.3,66.0,2.7,13.2,27.75,5.0
2022-07-01,,30.4,37.0,25.4,68.0,2.7,11.5,26.6,0.5
2022-07-02,,29.5,35.2,25.4,72.0,2.9,10.6,25.47,5.0
2022-07-03,0.0,28.9,35.3,25.2,74.0,2.1,2.7,14.46,8.3
2022-07-04,3.5,26.5,29.3,24.4,81.0,2.0,0.1,8.02,9.3
2022-07-05,2.0,26.2,32.1,23.9,81.0,3.2,3.5,16.87,9.8
2022-07-06,0.0,26.0,31.1,23.6,82.0,3.5,1.0,10.78,9.5
2022-07-07,0.0,25.5,31.4,23.1,77.0,2.9,3.3,13.29,8.0
2022-07-08,,26.0,31.0,22.4,67.0,2.6,5.1,18.18,7.5
2022-07-09,,26.6,32.0,21.8,68.0,2.8,10.8,25.46,7.5
2022-07-10,0.0,27.4,31.8,24.3,75.0,4.0,7.3,21.36,6.8
2022-07-11,,28.1,34.4,24.9,75.0,2.9,7.3,19.99,8.0
2022-07-12,32.0,25.9,28.5,22.7,85.0,2.8,0.0,6.84,10.0
2022-07-13,53.0,23.7,25.2,22.6,98.0,2.2,0.0,4.21,10.0
2022-07-14,22.5,23.8,26.9,22.8,95.0,2.5,0.1,6.89,10.0
2022-07-15,61.5,23.8,25.3,23.0,99.0,2.0,0.0,3.97,10.0
2022-07-16,9.0,23.5,24.7,22.6,100.0,1.9,0.0,3.78,10.0
2022-07-17,1.5,25.4,29.8,22.1,89.0,3.0,5.5,18.0,7.3
2022-07-18,0.0,27.5,32.2,23.1,79.0,2.2,7.3,21.95,8.0
2022-07-19,0.0,27.4,31.6,25.6,83.0,3.1,0.4,10.45,10.0
2022-07-20,0.0,29.7,34.5,24.8,65.0,3.3,8.1,22.74,8.5
2022-07-21,0.0,28.1,32.8,25.0,74.0,3.6,6.3,20.32,9.8
2022-07-22,1.5,28.3,32.8,26.1,81.0,4.5,7.2,17.38,5.8
2022-07-23,,28.7,33.6,25.1,74.0,2.7,8.1,23.02,5.5
2022-07-24,,28.3,32.8,24.9,73.0,3.3,9.3,23.98,6.3
2022-07-25,0.0,29.2,33.5,25.5,73.0,4.3,11.2,25.72,6.3
2022-07-26,45.5,26.6,29.1,24.9,94.0,3.5,0.6,4.63,10.0
2022-07-27,,29.4,33.6,26.2,76.0,4.9,10.7,25.99,8.5
2022-07-28,1.0,28.8,32.9,25.5,80.0,3.7,8.3,21.92,7.3
2022-07-29,,29.1,33.9,24.6,76.0,3.2,11.7,25.77,6.3
2022-07-30,,29.9,34.5,26.5,75.0,2.7,8.9,23.62,6.8
2022-07-31,,30.8,35.0,27.2,74.0,2.4,9.5,24.06,3.5
2022-08-01,0.0,30.6,35.9,27.1,72.0,2.8,10.6,24.53,8.8
2022-08-02,0.0,31.6,35.9,27.6,71.0,2.5,10.7,24.78,9.8
2022-08-03,0.0,31.5,36.1,28.2,75.0,2.3,8.3,21.24,7.3
2022-08-04,18.0,24.6,29.7,22.2,89.0,2.7,0.0,3.46,10.0
2022-08-05,0.0,23.8,27.7,21.6,83.0,2.9,0.2,7.65,9.8
2022-08-06,,25.2,28.8,22.3,73.0,2.4,2.3,17.06,10.0
2022-08-07,0.0,27.6,33.0,24.4,80.0,2.2,2.5,14.45,8.3
2022-08-08,,29.8,33.9,26.2,75.0,4.5,9.2,22.52,4.8
2022-08-09,,30.9,35.7,27.7,69.0,5.5,11.9,25.5,6.8
2022-08-10,,30.5,35.3,27.5,70.0,5.3,12.1,25.99,6.0
2022-08-11,,29.5,34.3,26.8,75.0,5.4,10.1,22.9,6.0
2022-08-12,2.0,28.3,32.0,25.3,81.0,5.8,3.8,15.36,9.8
2022-08-13,47.5,25.5,28.6,23.8,94.0,4.8,0.2,4.53,10.0
2022-08-14,0.0,28.2,33.3,23.7,84.0,2.6,4.4,16.28,8.8
2022-08-15,,29.4,34.0,25.9,78.0,2.5,7.0,18.65,8.8
2022-08-16,0.0,31.0,36.4,27.9,70.0,4.8,7.7,20.5,8.3
2022-08-17,5.0,27.3,32.3,23.4,77.0,2.5,1.0,8.87,10.0
2022-08-18,13.0,26.8,31.1,23.7,81.0,2.8,3.8,8.74,6.0
2022-08-19,,27.5,32.5,22.7,62.0,3.4,10.6,23.52,3.0
2022-08-20,1.5,26.4,31.2,23.8,82.0,1.8,3.3,13.5,9.8
2022-08-21,1.0,26.0,29.0,23.8,87.0,2.1,1.1,8.96,10.0
2022-08-22,0.0,26.2,29.5,23.6,82.0,2.5,0.4,9.05,10.0
2022-08-23,,28.7,33.5,24.7,83.0,3.2,6.1,17.94,8.3
2022-08-24,2.0,27.8,32.7,22.6,79.0,2.9,3.8,12.86,10.0
2022-08-25,0.0,25.7,29.3,23.0,77.0,2.0,0.4,9.83,10.0
2022-08-26,3.5,27.0,31.3,24.2,89.0,2.1,0.4,10.05,10.0
2022-08-27,0.0,29.0,33.9,26.5,80.0,3.3,8.1,19.87,5.5
2022-08-28,5.0,23.7,28.1,21.4,87.0,3.0,0.2,4.58,9.8
2022-08-29,0.5,23.3,28.0,18.6,69.0,2.8,4.4,15.45,8.0
2022-08-30,5.0,22.8,26.2,20.2,88.0,1.9,0.0,10.12,10.0
2022-08-31,1.0,27.1,32.5,22.3,85.0,3.2,5.8,17.46,8.8
2021-06-01,0.5,20.1,25.7,15.1,74.0,3.1,9.5,25.87,5.0
2021-06-02,,22.0,26.4,19.0,70.0,3.0,3.0,15.24,10.0
2021-06-03,3.0,22.1,27.4,18.1,73.0,3.2,7.8,23.23,8.0
2021-06-04,23.0,21.0,23.9,19.3,97.0,5.2,0.0,2.75,10.0
2021-06-05,0.0,22.1,26.7,19.1,77.0,2.9,3.4,18.39,10.0
2021-06-06,0.5,21.7,24.0,19.5,83.0,1.8,0.3,9.1,10.0
2021-06-07,0.0,23.4,29.7,19.7,71.0,2.0,3.9,15.89,9.5
2021-06-08,0.0,24.8,31.4,18.8,64.0,2.2,9.0,22.35,6.8
2021-06-09,,24.5,31.1,19.5,55.0,2.8,13.1,28.67,1.5
2021-06-10,,24.1,30.7,19.0,64.0,2.7,13.2,28.59,0.8
2021-06-11,,23.7,29.4,20.6,68.0,3.4,9.6,24.17,9.5
2021-06-12,,23.3,28.1,19.5,73.0,3.7,4.8,18.76,8.5
2021-06-13,0.0,24.3,28.1,21.2,68.0,2.7,3.2,15.8,10.0
2021-06-14,3.5,21.0,23.7,19.0,92.0,2.2,0.0,9.24,10.0
2021-06-15,1.0,23.4,29.5,18.8,80.0,2.5,7.2,21.64,7.0
2021-06-16,30.5,22.2,24.9,20.6,87.0,2.3,0.0,8.11,10.0
2021-06-17,3.5,21.8,26.7,18.9,77.0,2.7,4.8,16.11,8.3
2021-06-18,0.0,22.8,27.4,18.5,69.0,3.0,7.9,23.15,10.0
2021-06-19,12.0,20.3,23.1,19.2,95.0,2.9,0.0,4.89,10.0
2021-06-20,14.5,22.8,28.6,19.5,85.0,2.4,1.0,12.54,10.0
2021-06-21,,22.9,27.9,19.6,74.0,2.6,5.3,20.47,7.3
2021-06-22,,23.1,28.6,19.1,76.0,2.9,3.2,18.2,8.5
2021-06-23,1.5,22.0,25.6,20.6,82.0,2.2,0.1,7.45,10.0
2021-06-24,0.0,22.8,27.2,19.1,78.0,2.8,3.3,15.75,8.8
2021-06-25,19.0,23.3,27.5,20.7,79.0,2.7,3.9,15.28,8.8
2021-06-26,0.0,24.2,28.4,20.5,74.0,2.0,4.0,16.06,10.0
2021-06-27,0.0,23.7,26.7,21.6,78.0,2.1,0.8,9.81,10.0
2021-06-28,0.0,24.4,29.6,20.1,73.0,2.5,7.8,20.74,7.5
2021-06-29,53.0,21.9,28.4,18.8,90.0,2.9,1.5,11.96,9.5
2021-06-30,3.0,20.6,23.1,18.4,91.0,1.9,0.0,4.63,10.0
2021-07-01,64.5,20.9,22.9,20.1,98.0,1.8,0.0,3.69,10.0
2021-07-02,68.0,21.2,22.2,20.3,100.0,1.4,0.0,2.19,10.0
2021-07-03,53.5,22.2,25.8,20.5,92.0,2.1,0.3,10.18,10.0
2021-07-04,17.5,20.1,21.1,19.3,98.0,1.5,0.0,3.38,10.0
2021-07-05,2.5,22.1,25.1,19.9,96.0,1.3,0.6,9.48,10.0
2021-07-06,0.5,24.7,29.6,22.0,91.0,1.6,0.2,9.28,10.0
2021-07-07,0.5,25.8,30.0,22.9,85.0,2.0,1.9,13.66,9.8
2021-07-08,7.5,23.7,24.8,22.3,93.0,2.2,0.0,3.76,10.0
2021-07-09,9.0,23.5,24.9,22.2,100.0,1.4,0.0,3.35,10.0
2021-07-10,4.5,27.0,33.4,22.7,86.0,2.5,9.0,24.28,8.5
2021-07-11,17.5,24.7,31.8,21.2,91.0,1.7,3.1,16.23,6.3
2021-07-12,0.0,25.8,31.6,21.0,82.0,2.0,7.9,21.72,8.0
2021-07-13,0.0,25.5,29.0,23.4,81.0,2.0,1.6,12.54,10.0
2021-07-14,0.0,25.3,28.8,22.8,82.0,2.4,0.9,9.87,10.0
2021-07-15,0.0,26.4,31.1,23.0,80.0,2.5,5.0,16.84,9.0
2021-07-16,,27.7,33.2,24.1,77.0,2.7,8.0,22.28,6.3
2021-07-17,,27.4,32.6,23.5,74.0,2.8,9.6,23.75,4.3
2021-07-18,,28.1,33.2,23.7,76.0,3.7,12.9,28.09,2.8
2021-07-19,,29.2,34.7,25.1,75.0,2.7,11.0,25.95,3.3
2021-07-20,,28.8,34.0,25.6,72.0,2.9,9.8,24.34,9.0
2021-07-21,,28.4,33.6,24.3,70.0,2.8,10.6,26.3,4.3
2021-07-22,,28.4,34.2,24.1,69.0,2.9,11.3,25.67,2.3
2021-07-23,0.0,28.4,34.0,24.6,71.0,2.9,8.7,22.02,6.0
2021-07-24,0.0,28.5,34.4,25.3,72.0,2.9,7.3,22.05,4.8
2021-07-25,,28.5,34.4,24.7,70.0,2.5,10.4,24.17,4.5
2021-07-26,0.0,27.5,32.1,24.6,66.0,2.9,5.4,17.88,9.5
2021-07-27,34.5,24.9,29.8,21.3,84.0,3.1,2.7,13.77,8.5
2021-07-28,0.0,27.7,32.0,23.9,79.0,3.4,6.8,19.85,8.0
2021-07-29,,27.8,32.1,24.3,79.0,3.6,4.5,17.68,8.0
2021-07-30,30.0,25.8,30.5,23.9,93.0,2.4,2.1,9.86,9.3
2021-07-31,,27.5,32.5,23.3,77.0,2.2,8.6,20.67,7.0
2021-08-01,,28.7,33.7,24.2,76.0,3.2,12.0,26.58,2.3
2021-08-02,0.5,28.6,33.1,25.6,80.0,3.4,7.6,19.95,7.0
2021-08-03,3.0,29.0,32.9,25.7,80.0,4.0,7.6,19.89,6.3
2021-08-04,,29.5,34.5,25.7,76.0,3.0,11.5,26.52,2.8
2021-08-05,,29.1,34.7,24.0,74.0,2.8,11.7,26.17,5.8
2021-08-06,,29.1,34.8,24.6,75.0,2.9,9.9,24.82,4.0
2021-08-07,2.0,27.9,31.4,26.3,85.0,2.5,1.5,11.43,9.0
2021-08-08,90.5,25.9,28.8,24.7,97.0,3.0,0.1,3.43,10.0
2021-08-09,2.0,28.1,31.3,25.6,84.0,6.1,3.9,13.34,6.0
2021-08-10,0.0,31.0,36.8,27.2,58.0,4.7,9.2,22.45,4.8
2021-08-11,,29.2,33.5,25.9,61.0,2.9,8.8,21.12,9.3
2021-08-12,0.5,26.0,29.2,23.9,84.0,2.4,0.7,8.34,9.5
2021-08-13,20.5,22.5,25.4,20.5,97.0,2.7,0.0,4.36,10.0
2021-08-14,77.0,22.3,25.6,20.1,100.0,2.7,0.0,2.76,10.0
2021-08-15,138.5,19.3,20.2,18.4,100.0,2.0,0.0,2.78,10.0
2021-08-16,2.0,20.7,22.5,19.0,98.0,1.8,0.0,4.34,10.0
2021-08-17,23.5,23.7,27.4,20.7,96.0,2.4,1.2,9.08,10.0
2021-08-18,3.0,27.0,31.3,24.5,83.0,5.2,5.8,17.35,6.5
2021-08-19,0.0,28.5,33.8,25.1,74.0,4.8,11.3,24.83,5.8
2021-08-20,,28.7,33.7,25.2,71.0,4.4,10.9,24.14,2.8
2021-08-21,0.0,27.9,32.1,24.8,75.0,3.2,4.6,16.07,8.8
2021-08-22,0.0,28.5,33.6,25.5,76.0,2.5,4.6,16.88,10.0
2021-08-23,2.5,26.9,30.3,22.2,84.0,2.3,4.2,14.41,10.0
2021-08-24,0.0,27.5,31.0,23.9,78.0,2.8,4.2,14.6,9.8
2021-08-25,0.0,29.4,34.4,26.3,76.0,2.5,5.4,17.99,8.8
2021-08-26,0.0,30.5,35.7,26.6,75.0,2.3,8.1,19.41,4.8
2021-08-27,,30.0,34.3,26.9,74.0,2.5,9.0,18.14,2.8
2021-08-28,0.0,29.8,34.8,26.7,76.0,2.4,8.9,20.29,3.0
2021-08-29,0.0,28.5,32.8,26.5,72.0,2.7,1.1,8.74,7.3
2021-08-30,0.0,29.2,33.8,26.1,79.0,2.8,8.9,21.18,4.8
2021-08-31,17.0,26.9,32.4,21.2,76.0,2.9,2.9,12.22,10.0
2020-06-01,4.0,19.6,21.2,18.5,93.0,1.8,0.0,4.66,10.0
2020-06-02,0.0,22.3,26.6,18.9,87.0,2.3,4.1,15.87,10.0
2020-06-03,0.0,24.0,28.5,20.9,76.0,2.4,6.2,21.18,9.8
2020-06-04,0.0,23.5,27.6,20.6,79.0,2.8,5.4,16.46,10.0
2020-06-05,,24.8,29.9,20.0,74.0,3.3,8.1,22.94,9.3
2020-06-06,6.5,24.2,28.4,18.8,77.0,2.6,1.9,13.28,10.0
2020-06-07,0.5,22.0,27.2,17.4,67.0,2.9,8.6,24.76,7.5
2020-06-08,0.0,23.2,28.3,19.7,73.0,2.9,8.9,24.05,5.8
2020-06-09,,25.5,31.0,20.4,68.0,3.1,13.0,26.19,7.3
2020-06-10,0.0,26.2,31.4,21.8,65.0,5.4,11.1,28.24,4.8
2020-06-11,10.0,25.1,30.5,22.7,85.0,5.9,3.5,14.99,9.5
2020-06-12,5.5,26.2,31.6,22.9,84.0,2.5,4.0,19.11,9.0
2020-06-13,35.5,21.3,24.3,19.1,99.0,2.2,0.0,2.28,10.0
2020-06-14,5.5,21.7,24.0,19.9,99.0,1.6,0.0,5.69,10.0
2020-06-15,,25.9,32.6,21.0,81.0,2.4,7.3,21.92,9.5
2020-06-16,0.0,25.5,30.5,21.8,68.0,3.4,8.0,21.7,7.3
2020-06-17,,23.6,28.8,19.3,63.0,3.5,13.1,28.26,4.0
2020-06-18,2.0,22.1,25.5,19.6,82.0,2.0,0.0,9.86,10.0
2020-06-19,50.0,18.7,19.8,18.0,99.0,2.2,0.0,3.47,10.0
2020-06-20,,22.9,28.7,17.1,76.0,2.8,9.3,24.86,6.5
2020-06-21,2.5,21.9,26.5,17.9,83.0,2.5,1.4,12.49,10.0
2020-06-22,27.5,19.2,21.0,17.6,95.0,3.5,0.0,3.24,10.0
2020-06-23,3.0,22.3,27.2,18.0,86.0,2.6,2.7,16.54,9.3
2020-06-24,0.0,22.5,26.8,19.3,84.0,2.6,1.9,14.02,9.5
2020-06-25,14.5,20.2,23.3,17.9,94.0,1.9,0.0,7.08,10.0
2020-06-26,0.0,24.7,30.9,19.7,85.0,1.7,4.9,19.09,9.0
2020-06-27,0.0,25.5,29.3,22.2,83.0,1.9,2.6,14.87,10.0
2020-06-28,30.0,22.2,24.9,20.5,96.0,2.0,0.0,6.19,10.0
2020-06-29,,24.9,29.8,20.1,69.0,3.0,10.3,25.14,3.5
2020-06-30,15.5,24.6,27.7,22.2,90.0,4.5,0.0,7.32,9.8
2020-07-01,21.0,25.1,26.7,22.7,89.0,6.5,0.0,6.66,10.0
2020-07-02,0.5,25.9,30.8,21.7,72.0,4.9,11.7,27.55,5.5
2020-07-03,6.0,23.8,28.7,20.3,80.0,2.4,1.7,11.76,10.0
2020-07-04,25.5,23.8,27.7,20.0,90.0,4.0,0.1,7.5,10.0
2020-07-05,3.5,24.9,28.1,23.2,87.0,3.3,1.7,9.15,10.0
2020-07-06,40.5,24.8,26.9,22.8,92.0,5.2,0.3,7.36,10.0
2020-07-07,0.5,27.2,29.3,25.1,84.0,6.4,0.2,8.39,10.0
2020-07-08,3.0,26.0,28.5,23.6,83.0,5.8,1.5,8.79,10.0
2020-07-09,14.0,23.7,26.1,22.3,96.0,3.8,0.0,5.53,10.0
2020-07-10,0.5,25.3,28.1,22.7,90.0,3.6,0.0,9.73,9.8
2020-07-11,2.0,27.5,31.2,24.8,82.0,5.6,2.3,13.32,10.0
2020-07-12,0.5,26.0,32.5,19.9,81.0,2.9,4.8,18.3,10.0
2020-07-13,6.0,21.0,25.2,18.7,90.0,3.0,0.4,10.98,10.0
2020-07-14,6.0,22.3,23.7,20.6,97.0,2.3,0.0,4.83,10.0
2020-07-15,6.5,20.4,22.0,17.7,97.0,2.3,0.0,2.73,10.0
2020-07-16,0.5,20.7,24.6,17.4,86.0,2.3,0.1,11.41,10.0
2020-07-17,34.5,19.3,20.6,18.1,98.0,2.0,0.0,4.1,10.0
2020-07-18,20.0,20.4,22.0,19.2,100.0,1.5,0.0,3.48,10.0
2020-07-19,,24.3,29.3,21.4,90.0,2.2,6.9,20.97,5.8
2020-07-20,0.0,26.9,31.9,23.1,80.0,2.4,6.9,20.8,8.5
2020-07-21,1.0,25.5,29.0,22.5,88.0,2.1,0.1,10.37,10.0
2020-07-22,0.0,26.6,29.9,24.9,89.0,2.4,0.8,10.79,10.0
2020-07-23,31.5,23.2,26.0,22.1,99.0,1.8,0.0,3.32,10.0
2020-07-24,0.0,24.5,27.2,21.6,94.0,1.2,0.0,7.82,9.8
2020-07-25,23.5,25.1,27.4,23.7,98.0,2.1,0.2,7.48,10.0
2020-07-26,18.5,25.6,31.2,23.5,95.0,3.1,2.9,12.98,10.0
2020-07-27,2.0,26.3,30.7,23.9,88.0,3.3,0.7,11.07,10.0
2020-07-28,2.0,26.7,31.0,23.9,90.0,2.5,1.2,13.43,10.0
2020-07-29,0.0,22.9,25.6,21.3,87.0,2.9,0.0,5.0,10.0
2020-07-30,0.0,23.2,26.5,20.4,84.0,1.9,0.0,10.32,10.0
2020-07-31,1.0,24.8,29.6,22.4,90.0,1.6,3.2,11.77,10.0
2020-08-01,0.5,26.1,31.8,21.8,77.0,2.6,5.5,19.79,7.8
2020-08-02,,26.3,31.5,22.6,75.0,2.4,6.0,19.53,5.5
2020-08-03,,27.2,32.3,22.3,74.0,2.4,10.1,24.73,3.8
2020-08-04,,28.3,33.1,24.5,77.0,2.9,10.4,24.49,4.3
2020-08-05,0.0,29.1,34.2,25.7,76.0,2.9,10.3,24.93,3.3
2020-08-06,,28.5,33.1,25.5,79.0,3.9,9.7,24.02,7.8
2020-08-07,,29.5,35.4,26.0,71.0,3.4,8.8,22.58,7.5
2020-08-08,,28.1,32.3,25.1,79.0,2.7,4.7,15.49,8.3
2020-08-09,,28.7,34.7,23.4,77.0,2.4,7.5,19.96,9.5
2020-08-10,,30.5,35.2,26.9,73.0,2.4,8.8,20.26,10.0
2020-08-11,,31.7,37.3,27.0,67.0,4.0,12.5,25.5,2.8
2020-08-12,0.5,30.0,35.8,27.3,79.0,2.5,7.2,18.24,6.8
2020-08-13,21.5,29.4,36.1,25.4,82.0,2.2,7.8,19.01,5.0
2020-08-14,0.0,29.4,34.2,24.9,78.0,2.8,8.3,19.85,2.0
2020-08-15,,31.0,36.1,26.9,76.0,2.1,10.0,22.91,3.8
2020-08-16,0.0,31.2,35.4,28.0,74.0,2.7,9.7,23.33,7.3
2020-08-17,0.0,30.8,36.5,27.2,76.0,2.7,7.0,19.84,7.8
2020-08-18,,30.3,34.3,27.8,71.0,2.8,4.2,15.91,8.8
2020-08-19,,29.0,34.2,25.6,72.0,2.7,10.8,22.21,5.3
2020-08-20,,29.7,34.8,25.8,74.0,3.2,11.1,24.54,1.0
2020-08-21,,30.1,36.0,26.0,72.0,2.8,10.5,22.78,2.3
2020-08-22,0.0,29.3,35.2,24.0,75.0,2.7,8.0,20.92,6.0
2020-08-23,38.0,25.6,29.4,23.2,87.0,2.0,1.9,10.24,9.8
2020-08-24,0.0,27.2,32.3,23.0,79.0,2.7,6.7,18.24,5.0
2020-08-25,,27.8,32.2,24.8,75.0,2.7,7.2,17.7,6.3
2020-08-26,,28.8,34.0,24.3,77.0,2.7,10.4,22.26,6.0
2020-08-27,0.0,29.3,33.6,26.3,79.0,3.1,7.4,18.84,4.5
2020-08-28,,30.2,34.5,27.0,76.0,3.3,7.7,19.48,4.3
2020-08-29,,30.3,35.0,26.9,73.0,3.3,11.7,23.22,3.8
2020-08-30,,30.0,34.9,26.6,73.0,3.3,9.4,22.8,4.5
2020-08-31,1.0,27.5,32.6,22.7,80.0,2.9,3.4,14.3,8.3
2019-06-01,,21.8,25.7,18.6,71.0,2.8,3.8,17.12,10.0
2019-06-02,,22.0,25.0,19.0,76.0,2.3,0.3,10.43,10.0
2019-06-03,0.0,22.2,27.0,18.7,74.0,2.9,5.6,19.79,9.5
2019-06-04,,22.4,27.7,17.6,75.0,3.1,7.9,21.15,7.8
2019-06-05,,22.6,25.8,20.0,77.0,2.9,2.4,13.09,9.3
2019-06-06,,25.2,32.3,18.7,69.0,2.7,11.0,26.21,6.0
2019-06-07,19.5,21.0,23.4,19.0,94.0,2.1,0.0,3.08,10.0
2019-06-08,0.0,20.8,25.4,18.7,88.0,2.2,1.7,10.48,9.3
2019-06-09,10.0,17.5,20.7,15.9,89.0,2.7,0.0,6.07,10.0
2019-06-10,92.5,16.2,17.4,14.9,100.0,2.9,0.0,2.28,10.0
2019-06-11,1.0,18.3,23.6,15.0,79.0,2.8,1.9,14.88,8.8
2019-06-12,0.5,18.0,21.5,14.5,78.0,2.1,0.3,10.87,9.5
2019-06-13,,20.7,26.4,13.9,74.0,3.2,13.6,29.48,1.5
2019-06-14,0.0,22.2,26.8,17.7,72.0,3.7,8.5,24.1,7.5
2019-06-15,51.0,17.3,20.9,16.2,99.0,2.6,0.0,2.77,10.0
2019-06-16,5.0,23.5,30.7,16.9,66.0,3.6,9.9,26.3,3.3
2019-06-17,,23.6,28.7,17.4,50.0,4.2,11.6,29.31,6.5
2019-06-18,,23.4,27.7,20.0,67.0,3.5,7.6,24.29,6.0
2019-06-19,,23.5,28.6,18.8,76.0,3.0,9.7,23.27,6.0
2019-06-20,0.0,24.1,29.1,21.1,77.0,2.7,4.5,17.31,9.3
2019-06-21,0.0,24.6,29.5,22.3,80.0,4.0,5.1,19.33,10.0
2019-06-22,6.0,22.2,25.3,20.6,91.0,3.0,0.5,8.61,8.0
2019-06-23,0.0,21.4,24.0,19.6,88.0,2.2,0.0,4.96,10.0
2019-06-24,25.5,19.1,21.0,17.8,98.0,2.5,0.8,6.44,10.0
2019-06-25,,22.3,27.3,17.2,81.0,2.6,7.5,22.57,6.8
2019-06-26,,24.7,28.9,20.4,75.0,3.7,11.8,27.73,8.5
2019-06-27,2.0,25.6,28.7,22.8,80.0,4.4,2.6,12.29,10.0
2019-06-28,3.5,25.2,30.7,21.4,87.0,3.0,0.9,13.38,10.0
2019-06-29,3.0,20.2,21.5,19.0,99.0,1.9,0.0,3.55,10.0
2019-06-30,5.5,21.6,23.6,20.3,99.0,1.6,0.0,3.25,10.0
2019-07-01,1.5,22.7,24.3,21.0,100.0,1.6,0.0,4.02,10.0
2019-07-02,0.5,23.8,28.1,21.5,94.0,1.6,0.7,9.84,10.0
2019-07-03,1.0,24.9,29.1,22.2,86.0,2.1,1.8,12.18,10.0
2019-07-04,10.5,22.7,25.2,19.9,95.0,3.7,0.1,4.24,10.0
2019-07-05,4.5,21.9,24.5,19.0,84.0,2.2,0.4,10.53,9.0
2019-07-06,14.5,21.0,23.7,19.2,93.0,3.0,0.0,6.31,10.0
2019-07-07,22.5,19.2,20.8,17.9,99.0,3.2,0.0,4.87,10.0
2019-07-08,0.0,20.3,24.8,17.7,81.0,2.8,1.4,12.57,10.0
2019-07-09,0.0,19.7,21.8,18.5,79.0,2.6,0.0,7.08,10.0
2019-07-10,0.0,21.0,24.8,18.5,75.0,2.7,0.8,13.57,9.3
2019-07-11,2.0,19.9,23.6,17.9,84.0,2.2,0.0,8.24,10.0
2019-07-12,12.5,20.2,21.9,18.2,100.0,1.6,0.0,5.86,10.0
2019-07-13,0.5,23.4,27.3,20.0,90.0,2.1,0.2,11.44,10.0
2019-07-14,39.0,21.3,22.5,20.2,100.0,1.9,0.0,3.83,10.0
2019-07-15,7.0,21.3,25.0,19.4,93.0,2.6,0.2,8.33,10.0
2019-07-16,33.5,20.5,22.1,19.0,100.0,1.9,0.0,6.21,10.0
2019-07-17,0.5,23.9,28.7,20.3,89.0,2.1,4.4,15.75,8.5
2019-07-18,9.5,25.6,29.7,22.2,89.0,2.0,0.6,9.56,10.0
2019-07-19,3.5,26.7,31.4,23.0,89.0,2.7,3.8,16.83,9.5
2019-07-20,0.0,26.5,29.5,24.4,89.0,1.9,0.0,7.92,10.0
2019-07-21,0.0,25.0,28.2,22.7,93.0,2.1,0.0,5.57,10.0
2019-07-22,0.5,22.7,24.0,21.6,98.0,1.8,0.0,3.34,10.0
2019-07-23,4.0,24.5,29.3,22.4,95.0,1.9,1.1,9.65,9.8
2019-07-24,6.0,26.8,31.6,23.7,86.0,2.4,5.2,17.0,7.8
2019-07-25,0.0,28.0,32.4,24.4,82.0,2.9,7.2,19.07,7.5
2019-07-26,0.5,28.5,33.1,25.6,76.0,4.2,11.3,24.37,4.8
2019-07-27,4.0,28.0,31.4,25.1,86.0,5.4,4.8,17.06,8.0
2019-07-28,15.0,27.7,32.3,25.0,88.0,3.6,5.6,18.72,8.3
2019-07-29,0.0,29.0,33.7,25.3,83.0,2.6,9.2,23.98,5.5
2019-07-30,,29.5,33.6,26.0,81.0,3.0,10.5,25.36,4.3
2019-07-31,,30.0,34.6,26.5,81.0,2.8,11.8,25.75,7.8
2019-08-01,,30.5,35.0,26.3,80.0,2.5,9.2,20.55,1.8
2019-08-02,,30.2,35.1,27.1,80.0,2.7,10.1,20.24,2.8
2019-08-03,,29.4,33.7,25.7,78.0,2.9,12.2,25.03,1.0
2019-08-04,,29.4,34.3,25.3,76.0,2.8,11.5,24.62,3.0
2019-08-05,,29.8,34.9,25.1,75.0,3.0,11.1,26.72,2.8
2019-08-06,,30.3,35.0,27.5,76.0,3.8,10.5,24.18,7.5
2019-08-07,,30.4,35.6,26.7,74.0,3.1,9.5,24.1,6.5
2019-08-08,,29.9,35.5,26.0,78.0,2.8,9.1,22.46,4.3
2019-08-09,,30.1,35.6,26.2,74.0,3.3,10.8,25.1,6.5
2019-08-10,,29.6,34.4,25.7,76.0,3.2,9.4,22.69,4.3
2019-08-11,0.0,29.4,35.6,25.3,76.0,2.8,8.8,23.77,6.0
2019-08-12,0.5,28.8,33.2,25.6,81.0,2.6,6.6,17.16,10.0
2019-08-13,0.0,29.3,35.5,26.9,83.0,2.6,3.6,15.57,6.8
2019-08-14,8.5,29.2,32.4,27.1,85.0,3.8,3.8,15.38,9.0
2019-08-15,20.0,29.2,32.6,25.9,83.0,6.4,2.9,15.0,8.5
2019-08-16,0.0,29.0,31.6,28.0,79.0,7.1,3.0,9.18,9.0
2019-08-17,,30.3,35.5,27.3,73.0,3.7,11.2,24.24,1.0
2019-08-18,,30.1,35.2,26.5,73.0,2.4,8.0,21.51,5.8
2019-08-19,0.5,28.1,32.2,25.7,83.0,3.2,1.4,10.3,9.8
2019-08-20,13.0,26.5,31.1,24.1,91.0,2.3,0.6,6.94,9.3
2019-08-21,3.0,27.0,31.4,23.6,83.0,2.9,2.8,13.22,9.3
2019-08-22,20.0,26.0,29.5,23.2,91.0,2.3,0.5,9.51,10.0
2019-08-23,4.5,26.3,28.5,24.0,94.0,3.0,0.2,5.93,10.0
2019-08-24,0.0,27.3,31.4,24.0,79.0,2.5,7.0,18.84,7.8
2019-08-25,15.0,25.8,31.1,20.7,78.0,2.5,9.3,23.13,6.5
2019-08-26,0.0,25.3,28.5,22.9,76.0,2.8,2.1,11.71,7.5
2019-08-27,6.0,25.3,29.4,22.8,84.0,2.4,2.0,12.95,10.0
2019-08-28,7.0,25.6,28.1,23.2,91.0,4.4,0.0,7.19,9.8
2019-08-29,0.0,28.9,34.6,24.7,75.0,3.4,6.9,19.48,7.8
2019-08-30,12.0,26.0,28.0,24.2,89.0,3.2,0.0,3.95,8.3
2019-08-31,0.0,27.3,31.7,24.3,81.0,2.1,3.7,14.42,9.0
2018-06-01,0.0,21.7,27.5,17.3,57.0,3.4,9.1,25.58,8.0
2018-06-02,,21.9,27.2,16.9,65.0,2.4,9.9,25.67,3.8
2018-06-03,,22.5,28.6,17.3,68.0,2.8,9.8,25.06,4.3
2018-06-04,,23.5,29.1,18.5,64.0,2.8,13.2,29.7,3.0
2018-06-05,0.0,23.2,28.3,18.2,69.0,2.3,6.0,18.92,7.5
2018-06-06,12.5,20.3,22.8,18.3,92.0,1.7,0.0,6.08,10.0
2018-06-07,1.5,22.2,27.3,18.2,81.0,2.6,8.5,22.77,7.8
2018-06-08,1.0,23.7,27.5,19.3,79.0,4.0,7.3,21.33,7.3
2018-06-09,0.0,25.7,32.0,21.2,74.0,2.7,8.4,23.16,8.8
2018-06-10,31.0,20.0,22.0,18.6,91.0,3.0,0.0,2.09,10.0
2018-06-11,50.0,18.9,19.9,18.1,99.0,2.9,0.0,3.12,10.0
2018-06-12,0.0,20.5,26.4,17.8,91.0,2.2,1.1,11.93,10.0
2018-06-13,,21.5,27.0,18.3,77.0,2.7,5.0,21.2,8.0
2018-06-14,0.0,20.6,25.2,18.6,72.0,3.4,1.3,15.02,10.0
2018-06-15,9.5,17.6,20.0,15.4,93.0,3.2,0.0,2.81,10.0
2018-06-16,3.0,15.9,18.4,14.2,86.0,2.8,0.1,6.84,10.0
2018-06-17,0.0,18.7,22.5,15.1,77.0,2.3,0.4,13.97,10.0
2018-06-18,2.0,19.4,21.2,17.7,93.0,1.9,0.0,4.16,10.0
2018-06-19,0.0,22.7,28.8,18.2,77.0,3.0,7.7,23.38,9.8
2018-06-20,24.5,20.8,21.7,19.4,98.0,2.7,0.0,3.72,10.0
2018-06-21,2.0,21.2,24.4,19.0,95.0,2.0,0.0,8.08,9.5
2018-06-22,,23.1,28.1,19.4,79.0,2.7,10.8,22.93,7.3
2018-06-23,16.0,20.6,23.0,17.9,95.0,1.7,0.0,4.81,10.0
2018-06-24,2.5,21.3,27.0,18.4,91.0,2.1,4.1,13.81,10.0
2018-06-25,,26.2,32.6,19.7,71.0,2.4,12.9,27.67,2.8
2018-06-26,,25.7,30.1,22.3,75.0,3.6,9.2,25.44,7.5
2018-06-27,0.0,27.7,31.7,24.9,71.0,7.0,7.6,23.27,9.0
2018-06-28,0.0,27.4,31.9,25.2,77.0,6.0,4.8,17.49,8.0
2018-06-29,,28.2,32.9,25.4,73.0,6.9,12.8,28.39,4.0
2018-06-30,,28.6,32.7,25.2,74.0,5.8,13.1,28.51,6.0
2018-07-01,,28.1,32.0,25.4,75.0,5.1,13.1,28.19,1.5
2018-07-02,,28.8,33.5,24.0,70.0,3.7,13.6,29.11,0.0
2018-07-03,,28.4,32.7,25.6,69.0,5.0,11.4,26.29,7.8
2018-07-04,0.0,27.6,31.2,25.5,75.0,6.6,2.6,15.68,10.0
2018-07-05,2.0,26.7,28.7,24.8,79.0,6.9,0.1,6.96,10.0
2018-07-06,28.5,21.7,25.0,19.1,99.0,3.1,0.0,2.93,10.0
2018-07-07,0.0,25.0,29.6,19.3,86.0,3.8,3.1,16.16,10.0
2018-07-08,,27.4,32.2,24.5,79.0,3.9,6.8,21.06,10.0
2018-07-09,3.5,27.3,31.6,24.2,86.0,3.2,5.1,18.22,7.8
2018-07-10,,28.5,32.8,25.4,78.0,3.7,10.5,27.49,6.0
2018-07-11,0.0,29.0,34.2,25.2,75.0,2.1,5.5,18.38,10.0
2018-07-12,3.5,26.6,30.0,23.1,83.0,2.6,3.9,14.83,10.0
2018-07-13,,29.1,33.8,25.5,75.0,2.7,8.7,22.77,8.5
2018-07-14,,30.1,35.4,26.2,70.0,2.8,8.9,22.12,7.0
2018-07-15,,29.7,34.5,26.3,78.0,3.2,11.1,26.36,3.0
2018-07-16,,29.9,34.4,26.3,78.0,3.0,11.1,24.03,9.8
2018-07-17,,29.9,34.8,26.9,78.0,3.4,10.2,24.6,10.0
2018-07-18,,30.5,35.3,26.7,75.0,3.0,11.2,24.65,5.3
2018-07-19,,29.9,34.8,26.6,78.0,3.6,11.2,26.92,7.3
2018-07-20,,29.9,34.2,27.0,75.0,4.4,12.5,26.63,3.5
2018-07-21,,30.5,34.9,26.9,72.0,3.2,12.6,25.65,6.5
2018-07-22,,31.0,35.6,26.6,73.0,2.4,9.9,21.38,8.3
2018-07-23,,32.2,39.0,28.5,59.0,2.9,10.0,21.3,7.5
2018-07-24,2.5,29.8,35.3,26.3,76.0,2.8,7.9,21.64,6.3
2018-07-25,0.0,28.1,32.2,25.7,81.0,3.0,3.3,12.89,10.0
2018-07-26,0.0,26.5,30.7,24.3,68.0,2.9,3.1,14.88,9.8
2018-07-27,0.0,25.4,28.5,23.5,69.0,3.1,2.9,14.22,9.5
2018-07-28,52.0,24.0,28.0,20.1,96.0,4.2,0.2,5.51,10.0
2018-07-29,15.0,27.9,32.3,25.4,85.0,3.6,5.9,19.45,9.0
2018-07-30,0.0,28.0,31.9,25.0,82.0,2.6,2.6,13.72,8.8
2018-07-31,,28.4,33.8,24.4,79.0,2.6,8.2,19.07,4.5
2018-08-01,,30.3,35.1,24.8,73.0,2.6,12.5,25.64,1.8
2018-08-02,0.0,31.2,37.3,26.7,70.0,2.5,8.3,21.9,6.5
2018-08-03,0.0,30.5,35.4,27.3,74.0,2.6,6.4,16.98,6.0
2018-08-04,,29.8,34.1,26.1,72.0,2.8,11.1,24.34,7.3
2018-08-05,,30.4,34.7,27.2,77.0,3.3,9.9,24.09,4.5
2018-08-06,0.0,28.7,34.0,25.0,80.0,3.0,5.2,18.89,10.0
2018-08-07,4.5,22.2,25.0,20.8,93.0,3.3,0.0,3.55,10.0
2018-08-08,41.0,23.6,25.1,21.6,95.0,3.9,0.0,5.41,10.0
2018-08-09,4.0,27.4,32.1,23.8,85.0,5.0,1.9,8.98,8.3
2018-08-10,,29.8,34.5,27.0,76.0,3.8,10.7,23.2,5.8
2018-08-11,0.5,28.7,33.6,26.0,85.0,2.3,5.4,17.27,9.5
2018-08-12,0.0,27.7,31.1,25.6,85.0,2.2,0.4,9.54,10.0
2018-08-13,10.5,27.5,34.1,24.6,91.0,2.0,4.6,14.34,10.0
2018-08-14,,28.8,34.1,23.9,79.0,3.8,10.8,23.67,6.0
2018-08-15,,29.7,33.1,27.2,72.0,5.8,11.8,23.71,9.5
2018-08-16,0.0,29.1,32.3,25.8,72.0,5.9,6.3,18.08,9.0
2018-08-17,0.0,26.3,30.0,21.3,44.0,5.5,10.5,25.81,4.0
2018-08-18,,22.7,27.2,18.3,57.0,2.9,11.5,24.95,7.8
2018-08-19,,23.6,28.6,19.4,66.0,2.5,9.1,21.69,7.8
2018-08-20,0.0,24.7,27.6,20.9,74.0,1.7,0.3,11.02,10.0
2018-08-21,0.0,28.2,33.6,23.7,80.0,3.5,8.3,21.55,6.0
2018-08-22,0.0,29.7,34.1,26.9,75.0,4.9,11.8,24.87,2.8
2018-08-23,0.0,29.4,33.7,26.2,78.0,4.8,5.9,18.11,8.5
2018-08-24,7.5,28.2,31.4,26.3,84.0,7.4,2.9,11.57,10.0
2018-08-25,,31.1,35.6,27.6,70.0,4.3,11.6,24.52,5.5
2018-08-26,,31.0,36.0,26.4,72.0,2.1,12.2,23.77,3.5
2018-08-27,16.0,29.4,35.8,24.5,74.0,2.9,9.8,22.6,4.5
2018-08-28,1.0,26.6,30.5,23.5,84.0,2.3,1.9,12.91,10.0
2018-08-29,0.5,26.1,29.2,24.1,86.0,2.4,0.6,5.97,10.0
2018-08-30,0.0,28.8,34.0,25.0,77.0,2.9,6.1,19.1,9.3
2018-08-31,1.0,28.7,35.4,25.1,77.0,2.5,9.6,21.18,9.3
2017-06-01,15.5,21.5,26.4,19.3,91.0,2.4,1.7,10.53,9.8
2017-06-02,,23.0,29.1,18.3,55.0,3.6,10.6,23.39,4.0
2017-06-03,,21.4,26.6,16.0,44.0,3.6,12.1,27.82,2.8
2017-06-04,,21.0,26.7,16.7,41.0,3.6,7.2,24.21,6.5
2017-06-05,3.5,19.6,25.6,15.3,60.0,3.1,9.2,26.66,8.0
2017-06-06,0.0,19.6,24.2,15.4,68.0,3.0,4.4,17.25,9.0
2017-06-07,0.0,20.3,22.6,17.9,74.0,4.4,0.0,8.26,10.0
2017-06-08,0.0,22.0,25.8,19.2,76.0,4.1,4.9,15.49,10.0
2017-06-09,,23.1,28.1,20.6,69.0,3.2,7.0,23.15,9.8
2017-06-10,0.0,24.6,30.6,20.0,63.0,3.4,8.3,23.11,8.8
2017-06-11,0.0,21.7,25.3,19.1,55.0,3.0,3.7,17.96,10.0
2017-06-12,0.0,20.5,26.3,16.6,59.0,3.1,5.0,20.54,9.3
2017-06-13,9.5,16.9,19.4,14.8,92.0,2.5,0.0,4.39,10.0
2017-06-14,3.5,19.3,24.6,15.2,81.0,2.7,3.6,16.39,9.3
2017-06-15,,21.3,26.0,17.4,74.0,3.0,7.2,21.73,7.0
2017-06-16,0.0,22.4,29.0,17.5,70.0,2.9,9.7,24.89,5.8
2017-06-17,,22.3,27.7,17.9,60.0,2.9,12.2,27.19,5.5
2017-06-18,11.5,19.5,22.5,17.7,85.0,2.7,0.0,5.48,10.0
2017-06-19,1.0,22.6,30.5,17.3,63.0,3.5,11.0,28.08,5.8
2017-06-20,,22.7,28.0,16.5,75.0,3.3,11.2,25.96,9.8
2017-06-21,45.5,22.4,24.4,19.8,90.0,5.0,0.0,3.11,9.5
2017-06-22,,24.0,27.9,20.0,63.0,3.1,4.6,19.71,10.0
2017-06-23,,24.6,30.2,19.1,69.0,3.2,12.1,27.26,3.0
2017-06-24,0.0,24.6,29.0,21.9,75.0,3.2,7.2,23.39,9.3
2017-06-25,10.0,22.3,23.9,21.5,95.0,1.9,0.0,3.84,10.0
2017-06-26,0.5,23.1,25.9,20.3,82.0,2.7,2.1,13.55,10.0
2017-06-27,1.0,23.2,25.6,21.3,87.0,2.4,0.0,7.62,10.0
2017-06-28,3.0,22.4,25.0,20.2,94.0,1.6,0.0,5.72,8.5
2017-06-29,,24.6,29.1,19.9,80.0,2.6,3.7,17.35,10.0
2017-06-30,2.0,23.8,25.7,22.1,89.0,2.9,0.1,7.7,10.0
2017-07-01,2.0,23.4,25.3,22.1,90.0,2.1,0.1,5.18,10.0
2017-07-02,1.0,25.7,32.0,20.9,84.0,1.9,3.1,16.48,9.8
2017-07-03,0.0,28.3,32.5,24.5,75.0,2.5,6.2,20.5,10.0
2017-07-04,15.0,26.8,29.9,23.5,83.0,2.0,0.1,8.41,10.0
2017-07-05,0.5,26.3,31.4,21.6,82.0,3.1,5.0,18.95,9.0
2017-07-06,0.0,26.2,30.7,23.2,74.0,3.1,6.8,20.45,7.8
2017-07-07,0.0,27.0,32.3,23.0,74.0,2.6,10.9,24.24,5.0
2017-07-08,,27.9,33.7,22.8,69.0,2.6,12.6,25.45,1.0
2017-07-09,,27.3,32.5,23.0,78.0,2.9,13.1,26.66,2.5
2017-07-10,,27.4,32.1,23.0,79.0,3.7,13.5,28.01,1.5
2017-07-11,,27.7,31.6,24.8,78.0,4.8,7.2,20.01,6.0
2017-07-12,,28.9,33.1,25.6,77.0,4.1,10.3,23.95,6.5
2017-07-13,0.0,28.5,33.4,26.0,78.0,5.0,5.6,19.25,6.8
2017-07-14,,28.2,32.4,25.4,74.0,4.4,12.1,27.63,1.5
2017-07-15,,28.1,33.7,23.6,74.0,2.8,11.5,27.01,5.8
2017-07-16,,28.9,34.9,25.1,76.0,2.2,6.6,19.33,10.0
2017-07-17,0.0,29.7,35.0,25.3,66.0,3.0,6.1,17.82,10.0
2017-07-18,10.5,26.3,32.7,22.7,84.0,2.3,3.5,16.31,10.0
2017-07-19,0.0,26.5,31.1,22.9,79.0,3.4,6.6,19.54,8.8
2017-07-20,,28.2,32.3,24.9,76.0,3.8,7.7,19.66,4.8
2017-07-21,,29.1,33.7,25.8,73.0,4.5,11.6,27.79,4.8
2017-07-22,,28.7,32.5,25.8,75.0,4.1,9.7,22.56,6.8
2017-07-23,0.0,27.3,28.5,26.2,79.0,4.5,0.0,7.09,10.0
2017-07-24,0.0,29.1,32.9,26.7,73.0,4.7,2.3,15.9,10.0
2017-07-25,0.0,29.4,32.7,27.0,76.0,3.5,1.8,10.96,9.0
2017-07-26,35.0,24.6,28.2,23.2,91.0,2.7,0.0,3.7,10.0
2017-07-27,0.5,24.2,26.7,22.5,81.0,2.4,0.0,8.2,10.0
2017-07-28,0.0,26.8,32.3,22.5,83.0,2.2,3.5,16.2,9.3
2017-07-29,16.0,26.8,33.5,23.7,85.0,2.4,3.1,16.11,9.8
2017-07-30,0.5,25.6,29.2,23.3,86.0,2.3,0.1,6.93,10.0
2017-07-31,,28.0,33.0,23.2,78.0,2.4,8.4,19.94,7.0
2017-08-01,6.5,26.3,31.0,22.7,87.0,2.8,0.0,6.07,10.0
2017-08-02,0.5,22.9,25.4,20.9,82.0,3.0,0.5,7.29,10.0
2017-08-03,0.0,24.3,28.9,20.2,76.0,2.3,0.7,12.08,9.0
2017-08-04,0.0,25.6,29.2,22.0,86.0,2.2,0.6,11.66,10.0
2017-08-05,0.5,27.8,31.9,24.6,85.0,1.8,2.9,14.07,10.0
2017-08-06,0.0,29.0,33.5,26.3,82.0,2.7,6.1,18.59,8.0
2017-08-07,9.0,28.7,33.2,25.9,83.0,4.3,5.0,17.46,7.5
2017-08-08,0.0,29.3,33.9,26.9,80.0,4.2,3.3,14.9,9.8
2017-08-09,0.0,30.0,37.1,25.9,75.0,2.6,8.5,21.73,7.8
2017-08-10,2.5,25.7,28.4,22.4,85.0,2.6,0.0,4.0,10.0
2017-08-11,10.5,22.9,24.8,21.7,93.0,2.4,0.0,4.81,10.0
2017-08-12,9.5,24.1,29.3,21.0,89.0,1.8,1.5,11.45,8.0
2017-08-13,0.0,26.9,31.2,23.1,80.0,2.2,3.5,16.4,9.5
2017-08-14,9.5,24.4,25.2,23.4,94.0,2.2,0.0,2.76,10.0
2017-08-15,43.5,23.7,26.3,22.4,98.0,2.4,0.0,3.15,10.0
2017-08-16,18.5,21.9,22.8,21.1,99.0,2.5,0.0,3.23,10.0
2017-08-17,3.5,24.2,28.2,20.9,89.0,2.2,0.2,9.75,10.0
2017-08-18,0.0,26.5,30.2,24.0,87.0,1.9,0.8,11.06,10.0
2017-08-19,17.0,26.0,30.3,22.4,90.0,2.3,2.2,11.51,9.5
2017-08-20,0.0,25.3,29.3,22.4,86.0,1.9,0.6,9.68,10.0
2017-08-21,0.5,27.0,31.5,24.1,82.0,2.4,3.7,13.55,9.8
2017-08-22,,27.8,31.9,24.4,84.0,2.8,2.6,14.41,9.5
2017-08-23,,29.4,33.7,24.7,72.0,2.0,5.6,16.82,7.3
2017-08-24,0.0,29.9,34.8,26.4,69.0,2.5,7.6,18.88,7.5
2017-08-25,0.0,30.4,34.9,25.8,73.0,2.1,3.7,14.75,10.0
2017-08-26,0.0,28.9,33.6,26.1,75.0,2.4,2.7,12.74,10.0
2017-08-27,,26.6,30.6,23.2,64.0,3.0,4.8,16.77,7.0
2017-08-28,,26.4,31.4,22.3,74.0,2.7,6.7,17.65,8.5
2017-08-29,0.0,28.7,32.2,25.2,77.0,4.1,5.3,15.27,9.0
2017-08-30,2.0,27.7,32.9,24.1,83.0,3.3,4.6,13.24,8.8
2017-08-31,8.0,21.6,24.2,20.0,88.0,3.6,0.0,5.26,9.8
2016-06-01,,21.5,26.4,18.0,53.0,3.3,5.7,19.58,10.0
2016-06-02,,20.7,26.0,16.3,33.0,4.8,13.0,29.8,0.3
2016-06-03,,19.4,24.2,14.2,49.0,4.0,12.7,28.19,2.0
2016-06-04,0.0,21.7,27.2,16.3,63.0,4.5,8.0,22.05,10.0
2016-06-05,3.0,19.3,23.4,16.4,78.0,2.8,2.8,11.92,7.0
2016-06-06,,20.0,23.9,16.3,76.0,2.6,0.5,10.78,10.0
2016-06-07,0.5,19.6,20.9,18.4,83.0,2.0,0.0,3.62,10.0
2016-06-08,0.0,21.9,27.3,16.5,72.0,3.1,5.7,21.78,10.0
2016-06-09,6.5,21.2,23.7,19.6,97.0,1.9,0.0,5.77,10.0
2016-06-10,,23.5,28.8,19.4,70.0,2.9,10.2,24.13,4.5
2016-06-11,,23.5,29.1,17.9,65.0,3.2,10.7,25.95,5.3
2016-06-12,0.0,23.9,28.3,20.4,70.0,3.1,6.4,20.79,10.0
2016-06-13,98.5,19.8,22.7,18.3,98.0,3.6,0.0,3.46,10.0
2016-06-14,,22.2,26.2,18.4,70.0,3.0,5.2,16.95,9.3
2016-06-15,0.0,20.8,22.2,19.6,81.0,2.8,0.0,3.85,10.0
2016-06-16,7.5,22.1,24.4,19.7,83.0,3.4,0.0,8.14,10.0
2016-06-17,2.5,24.2,29.2,19.4,80.0,2.5,8.2,24.47,6.3
2016-06-18,,26.7,33.0,21.1,50.0,3.4,13.3,28.94,3.3
2016-06-19,5.0,24.3,29.3,21.4,71.0,4.0,4.2,16.0,10.0
2016-06-20,4.0,24.3,28.8,20.4,82.0,2.1,5.9,19.01,10.0
2016-06-21,10.0,22.7,25.7,21.2,88.0,1.9,2.5,7.71,9.0
2016-06-22,0.5,22.7,23.9,21.1,88.0,2.5,0.0,3.65,10.0
2016-06-23,9.5,23.0,26.9,21.4,85.0,2.2,3.3,7.71,8.8
2016-06-24,1.5,22.7,25.3,20.9,84.0,2.9,0.0,6.84,10.0
2016-06-25,1.0,25.4,28.7,21.9,79.0,3.8,0.0,7.98,10.0
2016-06-26,,25.5,30.0,21.5,61.0,2.7,9.8,24.36,8.0
2016-06-27,,24.4,28.9,20.9,66.0,3.2,10.4,27.24,5.0
2016-06-28,23.0,19.1,22.8,17.1,95.0,2.0,0.0,3.35,10.0
2016-06-29,0.5,21.5,24.2,19.1,87.0,1.9,0.0,5.88,10.0
2016-06-30,1.0,23.0,27.1,20.1,89.0,1.7,0.6,9.32,10.0
2016-07-01,,25.6,30.6,22.0,83.0,2.3,4.4,15.25,10.0
2016-07-02,0.0,27.0,31.8,23.4,79.0,3.0,6.9,21.04,9.5
2016-07-03,,29.2,35.4,24.6,71.0,3.3,7.6,22.66,9.0
2016-07-04,1.5,27.8,33.8,23.6,75.0,2.4,7.1,20.9,3.3
2016-07-05,0.0,21.7,25.6,20.2,81.0,3.1,0.0,3.82,10.0
2016-07-06,,23.1,26.9,20.5,84.0,2.6,4.1,11.98,7.5
2016-07-07,,27.4,36.7,21.9,73.0,3.0,12.8,27.12,4.8
2016-07-08,0.0,25.3,29.8,22.1,77.0,2.3,2.1,14.82,10.0
2016-07-09,12.5,22.4,24.9,20.3,95.0,3.0,0.0,3.7,10.0
2016-07-10,,25.6,31.3,20.2,79.0,2.6,11.7,25.75,7.0
2016-07-11,,28.0,33.5,22.3,68.0,2.8,12.5,26.83,3.5
2016-07-12,,27.1,31.8,24.6,77.0,3.1,6.3,20.86,7.8
2016-07-13,2.0,25.1,27.6,23.5,94.0,1.7,0.0,5.48,10.0
2016-07-14,21.0,25.9,32.9,21.3,88.0,2.4,3.9,16.46,9.5
2016-07-15,5.5,22.2,24.0,21.0,94.0,2.6,0.0,3.2,10.0
2016-07-16,,24.1,27.7,20.1,79.0,2.4,1.6,14.76,10.0
2016-07-17,0.0,25.9,28.8,23.6,86.0,1.8,0.1,6.98,10.0
2016-07-18,0.0,28.7,33.5,25.0,76.0,2.7,7.5,22.82,8.3
2016-07-19,5.0,27.3,32.3,23.7,77.0,2.8,6.2,18.41,6.8
2016-07-20,1.0,26.3,29.9,23.3,76.0,3.3,4.6,17.8,8.5
2016-07-21,28.5,21.8,24.3,20.9,96.0,2.5,0.0,3.82,10.0
2016-07-22,3.5,21.4,22.7,20.4,86.0,2.6,0.0,4.17,10.0
2016-07-23,,22.4,27.1,19.8,70.0,2.6,1.4,15.45,10.0
2016-07-24,,23.9,29.0,19.0,73.0,2.4,7.3,20.61,8.5
2016-07-25,,24.7,27.9,21.1,77.0,2.2,0.8,10.99,9.5
2016-07-26,1.0,23.8,27.4,21.4,86.0,2.9,0.1,7.73,10.0
2016-07-27,0.0,24.5,27.3,22.4,84.0,3.0,0.3,7.95,10.0
2016-07-28,,26.5,31.1,23.3,78.0,2.9,5.2,17.5,9.3
2016-07-29,,27.2,32.4,22.9,73.0,3.1,11.5,24.79,3.0
2016-07-30,,27.2,32.9,22.1,74.0,2.5,10.8,23.72,1.3
2016-07-31,0.0,27.5,30.8,24.4,76.0,3.0,6.9,17.74,6.5
2016-08-01,2.0,27.4,31.5,24.6,79.0,2.4,1.9,11.9,9.5
2016-08-02,27.0,25.9,29.4,22.5,89.0,2.4,1.7,11.34,10.0
2016-08-03,16.0,26.8,32.0,23.4,84.0,2.5,4.1,17.43,10.0
2016-08-04,,28.1,33.0,24.4,78.0,2.9,8.5,21.9,4.8
2016-08-05,,28.7,33.4,24.6,76.0,3.1,10.8,24.34,3.8
2016-08-06,,29.1,34.2,25.8,76.0,2.7,8.8,22.3,4.8
2016-08-07,,28.6,33.6,24.5,70.0,2.9,11.2,25.66,2.5
2016-08-08,0.0,28.5,33.2,25.3,68.0,3.4,4.6,15.52,9.3
2016-08-09,,31.9,37.7,25.7,52.0,3.6,8.1,23.34,7.0
2016-08-10,,29.1,34.0,26.0,66.0,3.1,4.9,17.45,6.0
2016-08-11,0.0,27.3,32.1,25.2,65.0,2.5,4.9,17.12,9.8
2016-08-12,,26.7,31.9,24.2,70.0,2.9,5.5,19.51,9.0
2016-08-13,0.0,26.5,31.8,23.3,68.0,2.7,7.2,20.26,8.3
2016-08-14,0.0,26.0,30.4,23.5,68.0,2.6,3.8,17.96,10.0
2016-08-15,0.5,26.6,30.8,24.4,77.0,3.5,0.7,8.54,10.0
2016-08-16,33.0,26.9,33.1,23.7,83.0,3.1,2.1,13.29,9.0
2016-08-17,14.0,28.7,34.3,23.0,79.0,5.0,10.0,24.16,7.3
2016-08-18,67.0,26.9,31.6,25.2,92.0,2.1,1.1,7.4,10.0
2016-08-19,5.0,27.6,32.3,25.0,81.0,3.4,6.9,19.77,9.3
2016-08-20,82.0,25.7,30.0,24.1,94.0,2.4,1.6,9.06,9.8
2016-08-21,0.0,27.9,33.5,23.5,83.0,3.2,7.9,21.0,9.5
2016-08-22,106.5,25.7,28.3,23.2,96.0,4.6,0.0,1.73,10.0
2016-08-23,0.5,26.8,30.4,24.2,86.0,2.8,1.7,11.74,10.0
2016-08-24,0.0,26.5,31.2,23.5,83.0,2.3,1.9,10.21,8.0
2016-08-25,,28.0,32.7,23.5,76.0,3.0,11.9,24.5,4.0
2016-08-26,,28.3,32.8,24.0,76.0,2.9,10.2,21.61,5.0
2016-08-27,2.0,24.3,27.0,21.6,87.0,3.2,0.0,3.35,9.0
2016-08-28,2.0,22.6,24.6,21.3,87.0,2.8,0.0,4.3,10.0
2016-08-29,16.0,25.6,30.1,22.1,92.0,2.9,2.6,12.28,9.3
2016-08-30,40.5,25.1,28.1,22.5,88.0,3.8,0.6,8.69,7.8
2016-08-31,,26.8,31.1,22.5,62.0,5.3,11.3,22.2,0.3
2015-06-01,,23.6,27.7,20.8,51.0,3.5,10.7,26.5,8.0
2015-06-02,,23.5,28.7,19.7,65.0,4.1,8.4,21.77,7.8
2015-06-03,16.0,21.7,22.9,20.1,89.0,2.4,0.0,4.93,10.0
2015-06-04,,23.1,29.1,18.6,35.0,4.7,12.5,26.76,4.3
2015-06-05,27.0,18.8,22.5,14.2,65.0,2.4,2.1,9.81,10.0
2015-06-06,23.5,18.0,24.6,13.4,80.0,2.7,2.5,15.54,10.0
2015-06-07,,20.8,25.5,16.1,65.0,3.2,7.8,24.11,7.5
2015-06-08,0.5,21.0,25.3,17.2,69.0,3.8,5.2,17.4,9.3
2015-06-09,33.0,19.5,21.9,17.3,92.0,2.5,0.0,6.14,10.0
2015-06-10,,22.6,27.8,17.5,69.0,2.8,8.1,22.65,9.5
2015-06-11,0.0,23.0,27.5,18.9,71.0,2.6,5.4,18.95,10.0
2015-06-12,4.5,21.4,25.0,18.9,89.0,1.8,0.1,7.44,10.0
2015-06-13,0.0,24.0,29.0,20.8,79.0,2.7,3.7,17.53,9.8
2015-06-14,1.5,22.5,26.8,20.5,83.0,2.4,1.6,11.82,10.0
2015-06-15,,24.6,30.8,19.5,69.0,2.5,12.2,25.01,9.8
2015-06-16,31.0,23.3,27.2,20.0,76.0,2.2,1.1,11.71,9.8
2015-06-17,11.0,21.6,24.8,19.8,88.0,2.2,0.6,8.84,9.5
2015-06-18,0.0,21.9,26.1,19.8,76.0,3.0,0.7,10.13,10.0
2015-06-19,10.5,19.1,20.8,17.6,92.0,2.7,0.0,5.96,10.0
2015-06-20,0.0,21.7,26.9,17.2,69.0,2.9,9.4,24.73,10.0
2015-06-21,0.5,20.6,22.8,18.2,86.0,1.8,0.1,5.88,8.0
2015-06-22,0.0,22.6,26.8,18.5,76.0,2.3,2.1,15.01,9.8
2015-06-23,20.0,23.4,28.8,18.4,77.0,2.7,6.1,20.51,9.0
2015-06-24,0.0,23.8,29.9,18.0,72.0,2.4,12.4,27.37,2.8
2015-06-25,,24.3,28.7,20.6,72.0,2.9,7.8,20.71,6.3
2015-06-26,13.0,22.4,25.6,20.6,86.0,2.4,0.2,7.25,9.5
2015-06-27,3.0,22.6,25.5,20.6,97.0,1.5,0.0,5.59,10.0
2015-06-28,,23.2,31.4,18.4,70.0,2.7,8.0,22.62,8.5
2015-06-29,,21.6,26.3,18.0,68.0,3.2,6.4,21.79,8.8
2015-06-30,0.5,22.5,26.7,19.8,75.0,3.2,2.1,14.92,10.0
2015-07-01,13.5,20.5,22.4,19.2,98.0,2.1,0.0,2.59,10.0
2015-07-02,2.5,22.5,25.0,20.1,91.0,1.9,0.2,6.65,9.8
2015-07-03,67.5,21.9,23.4,20.8,99.0,2.0,0.0,3.55,10.0
2015-07-04,4.0,22.5,25.9,20.8,96.0,1.8,0.0,6.42,10.0
2015-07-05,20.0,20.1,21.9,19.1,96.0,1.8,0.0,4.39,10.0
2015-07-06,14.5,19.8,21.1,18.9,97.0,1.7,0.0,3.72,10.0
2015-07-07,0.0,21.3,24.3,18.7,91.0,1.5,0.0,7.29,10.0
2015-07-08,11.0,22.4,26.6,19.2,93.0,1.7,0.2,8.74,10.0
2015-07-09,11.0,19.4,20.4,18.6,97.0,2.0,0.0,3.5,10.0
2015-07-10,0.5,23.2,28.9,17.6,80.0,2.1,9.1,24.39,5.8
2015-07-11,,25.9,31.3,21.1,76.0,2.8,11.5,26.73,2.0
2015-07-12,,27.2,32.0,22.4,74.0,2.7,12.6,26.35,5.8
2015-07-13,,29.4,34.2,24.1,67.0,5.0,11.5,26.1,9.5
2015-07-14,,29.9,34.3,26.7,61.0,6.8,13.3,28.46,1.8
2015-07-15,0.0,28.4,33.2,24.2,65.0,4.7,13.0,28.18,5.5
2015-07-16,63.5,26.4,28.9,23.6,90.0,4.8,0.2,7.68,10.0
2015-07-17,14.5,26.7,30.4,22.8,83.0,5.3,1.1,12.51,10.0
2015-07-18,0.5,27.2,29.9,25.6,77.0,5.5,2.7,11.49,9.3
2015-07-19,0.0,29.4,34.8,25.0,69.0,3.3,8.3,23.4,6.5
2015-07-20,0.0,28.8,33.5,25.8,75.0,2.4,6.7,19.98,8.0
2015-07-21,,29.4,34.9,25.4,65.0,3.8,13.2,26.92,1.5
2015-07-22,,28.9,32.8,25.4,61.0,6.4,13.4,27.97,1.8
2015-07-23,4.5,27.0,30.4,24.7,80.0,4.5,2.7,13.2,9.5
2015-07-24,7.0,28.1,33.9,25.0,83.0,2.0,5.2,16.59,9.0
2015-07-25,,28.6,33.1,24.7,80.0,2.2,8.4,20.42,7.0
2015-07-26,,30.3,35.8,26.0,72.0,2.4,12.4,24.22,5.0
2015-07-27,,30.4,35.0,25.6,69.0,2.7,12.9,24.96,2.5
2015-07-28,0.0,29.6,34.1,27.1,72.0,2.4,6.4,17.66,9.0
2015-07-29,,29.4,32.5,27.1,70.0,2.6,3.2,13.57,10.0
2015-07-30,0.0,29.1,34.3,26.5,75.0,2.2,3.6,12.3,10.0
2015-07-31,,30.0,35.0,25.9,72.0,2.7,10.0,21.0,3.0
2015-08-01,,30.5,35.3,26.6,76.0,2.6,8.9,22.08,3.0
2015-08-02,0.0,30.2,35.1,26.3,71.0,2.6,9.6,23.75,3.5
2015-08-03,,29.8,35.0,26.1,69.0,3.1,12.0,24.91,2.0
2015-08-04,,30.0,35.1,26.5,69.0,3.4,11.4,24.76,2.3
2015-08-05,,30.2,35.2,25.7,69.0,4.1,12.8,26.14,0.3
2015-08-06,,30.9,35.9,26.8,68.0,3.0,11.9,25.51,2.0
2015-08-07,,31.5,37.7,26.8,61.0,2.6,9.2,21.12,6.0
2015-08-08,,27.6,32.6,24.9,71.0,3.2,4.3,16.32,9.3
2015-08-09,,27.9,33.4,24.7,68.0,2.5,3.4,16.05,7.8
2015-08-10,1.0,27.9,31.9,25.5,79.0,2.6,2.0,13.03,8.5
2015-08-11,,29.4,35.5,25.3,70.0,2.6,7.8,20.14,7.5
2015-08-12,0.0,28.9,33.7,26.3,73.0,2.3,3.0,13.55,10.0
2015-08-13,1.0,27.5,30.5,25.3,82.0,3.0,2.2,10.76,9.0
2015-08-14,2.0,26.9,31.8,24.0,84.0,2.3,1.5,12.28,9.8
2015-08-15,0.0,27.7,33.1,24.1,76.0,2.5,7.3,21.39,5.3
2015-08-16,8.0,27.8,31.9,24.6,77.0,2.7,4.7,16.16,8.3
2015-08-17,33.5,25.7,28.0,23.6,96.0,4.0,0.1,3.96,9.3
2015-08-18,0.0,28.2,31.9,26.0,76.0,3.8,4.6,13.25,9.5
2015-08-19,0.0,27.8,31.4,25.7,70.0,3.0,5.0,17.9,10.0
2015-08-20,8.0,25.6,27.0,24.0,92.0,1.9,0.0,4.34,10.0
2015-08-21,2.5,26.0,29.4,24.5,88.0,1.9,0.1,7.01,10.0
2015-08-22,,28.3,32.7,24.7,80.0,3.3,8.2,19.54,7.3
2015-08-23,0.0,26.7,31.4,24.0,75.0,3.3,4.2,15.5,7.8
2015-08-24,,24.3,29.3,21.6,67.0,3.3,2.0,11.61,9.8
2015-08-25,0.5,21.5,22.9,18.2,68.0,3.3,0.1,5.39,10.0
2015-08-26,35.5,19.5,21.3,17.9,99.0,3.3,0.0,3.83,10.0
2015-08-27,0.0,23.6,27.3,20.2,81.0,2.4,1.3,11.94,10.0
2015-08-28,3.0,21.7,22.9,19.9,84.0,2.7,0.0,3.67,10.0
2015-08-29,2.5,20.0,21.0,19.1,98.0,2.4,0.0,3.13,10.0
2015-08-30,3.5,21.2,22.5,20.3,96.0,1.8,0.0,2.54,10.0
2015-08-31,2.5,22.1,24.1,20.6,94.0,1.7,0.0,3.5,10.0
